{"name":"325a195f-f284-4bda-adcb-52296655a3bd","id":"/providers/Microsoft.Flow/flows/325a195f-f284-4bda-adcb-52296655a3bd","type":"Microsoft.Flow/flows","properties":{"apiId":"/providers/Microsoft.PowerApps/apis/shared_logicflows","displayName":"yMattersNotification","definition":{"metadata":{"workflowEntityId":null,"creator":{"id":"d8d4b872-ca86-4d80-8f45-aa93f3c75cf2","type":"User","tenantId":"489f0f3b-e6ac-4928-b4f6-cfc55482e14e"},"provisioningMethod":"FromDefinition","failureAlertSubscription":true,"clientLastModifiedTime":"2019-10-29T09:08:21.9510683Z"},"$schema":"https://schema.management.azure.com/providers/Microsoft.Logic/schemas/2016-06-01/workflowdefinition.json#","contentVersion":"1.0.0.0","parameters":{"$connections":{"defaultValue":{},"type":"Object"},"$authentication":{"defaultValue":{},"type":"SecureObject"}},"triggers":{"manual":{"type":"Request","kind":"PowerApp","inputs":{"schema":{"type":"object","properties":{"Initializevariable_Value":{"type":"string","description":"Enter initial value","x-ms-powerflows-param-ispartial":false}},"required":["Initializevariable_Value"]}}}},"actions":{"Condition":{"actions":{"Send_an_email_(V2)":{"runAfter":{},"metadata":{"flowSystemMetadata":{"swaggerOperationId":"SendEmailV2"}},"type":"ApiConnection","inputs":{"host":{"connection":{"name":"@json(decodeBase64(triggerOutputs().headers['X-MS-APIM-Tokens']))['$connections']['shared_office365']['connectionId']"},"api":{"runtimeUrl":"https://flow-apim-msmanaged-na-northcentralus-01.azure-apim.net/apim/office365"}},"method":"post","body":{"To":"Zahab.Tauqueer@dvn.com;","Subject":"PRODUCTION  Notification from xMatters - Approval Notification","Body":"<p>You have accepted to provide the Support</p>"},"path":"/v2/Mail","authentication":{"type":"Raw","value":"@json(decodeBase64(triggerOutputs().headers['X-MS-APIM-Tokens']))['$ConnectionKey']"}}}},"runAfter":{"Send_email_with_options":["Succeeded"]},"else":{"actions":{"Send_an_email_(V2)_2":{"runAfter":{},"metadata":{"flowSystemMetadata":{"swaggerOperationId":"SendEmailV2"}},"type":"ApiConnection","inputs":{"host":{"connection":{"name":"@json(decodeBase64(triggerOutputs().headers['X-MS-APIM-Tokens']))['$connections']['shared_office365']['connectionId']"},"api":{"runtimeUrl":"https://flow-apim-msmanaged-na-northcentralus-01.azure-apim.net/apim/office365"}},"method":"post","body":{"To":"Zahab.Tauqueer@dvn.com;","Subject":"PRODUCTION  Notification from xMatters - Rejection Notification","Body":"<p>You have rejected to provide the Support</p>"},"path":"/v2/Mail","authentication":{"type":"Raw","value":"@json(decodeBase64(triggerOutputs().headers['X-MS-APIM-Tokens']))['$ConnectionKey']"}}}}},"expression":{"equals":["@body('Send_email_with_options')?['SelectedOption']","Approve"]},"type":"If"},"Initialize_variable":{"runAfter":{},"type":"InitializeVariable","inputs":{"variables":[{"name":"RunID","type":"String","value":"@triggerBody()['Initializevariable_Value']"}]}},"Send_email_with_options":{"runAfter":{"Initialize_variable":["Succeeded"]},"metadata":{"flowSystemMetadata":{"swaggerOperationId":"SendMailWithOptions"}},"type":"ApiConnectionWebhook","inputs":{"host":{"connection":{"name":"@json(decodeBase64(triggerOutputs().headers['X-MS-APIM-Tokens']))['$connections']['shared_office365']['connectionId']"},"api":{"runtimeUrl":"https://flow-apim-msmanaged-na-northcentralus-01.azure-apim.net/apim/office365"}},"body":{"NotificationUrl":"@{listCallbackUrl()}","Message":{"To":"Zahab.Tauqueer@dvn.com;","Subject":"Test","Options":"Approve,Reject","Body":"</br></br>\nA notification has been received from TIDAL for the PRODUCTION environment. Please review the details below regarding the notification and take the appropriate action(s) as necessary. Ensure that you acknowledge this notification using a supplied method to allow for proper event handling or defined escalations will occur.</br></br>\n \n<table width='100%' border='1' cellpadding='5'                                                                   style='border:1px solid black;border-collapse:collapse;background-color:#efefef'> \n     <tr >\n         <td> <b>Execution Run Identifier: </b> </td> <td> @{variables('RunID')}</td></tr>\n<tr>\n         <td> <b>Parent Process</b> </td> <td> </td>\n     </tr>\n     <tr>\n         <td> <b>Process Name</b> </td> <td>  </td>\n     </tr>\n     <tr>\n         <td> <b>Execution Location</b> </td> <td>  </td>\n     </tr>\n     <tr>\n         <td> <b>Process Name</b> </td> <td>  </td>\n     </tr>\n     <tr>\n         <td> <b>Status</b> </td> <td>  </td>\n     </tr>\n     <tr>\n         <td> <b>Message</b> </td> <td>  </td>\n     </tr>\n\n</table> <br>","Importance":"Normal","UseOnlyHTMLMessage":true}},"path":"/mailwithoptions/$subscriptions","authentication":{"type":"Raw","value":"@json(decodeBase64(triggerOutputs().headers['X-MS-APIM-Tokens']))['$ConnectionKey']"}}}},"outputs":{},"description":"Click a button in a PowerApps application to send a email to a specified email address."},"connectionReferences":{"shared_office365":{"connectionName":"shared-office365-76605057-f5ea-4aae-bbe6-24f4085cd0a6","source":"Invoker","id":"/providers/Microsoft.PowerApps/apis/shared_office365","tier":"NotSpecified"}},"flowFailureAlertSubscribed":false}}