{"schemaVersion":"1.0","appDefinitionTemplate":{"id":"/providers/Microsoft.PowerApps/apps/","type":"Microsoft.PowerApps/apps","tags":{"minimumRequiredApiVersion":"2.2.0"},"properties":{"appVersion":"2019-10-29T11:45:32Z","lifeCycleId":"Published","createdByClientVersion":{"major":3,"minor":19102,"build":22,"revision":0,"majorRevision":0,"minorRevision":0},"minClientVersion":{"major":3,"minor":19102,"build":22,"revision":0,"majorRevision":0,"minorRevision":0},"backgroundColor":"rgba(251, 101, 60, 1)","backgroundImageUri":"/6707714503070596455/N9dc64dc9-d786-4165-88c9-ee5f70507b5e-logoSmallFile","displayName":"DASH App","description":"","commitMessage":"","appUris":{"documentUri":{"value":"/6707714503070596455/N7c4e7690-7efb-487c-bd06-c964b72a9187-document.msapp","readonlyValue":"/6707714503070596455/N7c4e7690-7efb-487c-bd06-c964b72a9187-document.msapp"},"imageUris":[]},"createdTime":"0001-01-01T00:00:00Z","lastModifiedTime":"0001-01-01T00:00:00Z","sharedGroupsCount":0,"sharedUsersCount":0,"icons":{"smallIconUri":"/6707714503070596455/N5db780d2-941f-4ae5-a07f-d1933dca2564-small.png","mediumIconUri":"/6707714503070596455/Nc6c7252e-3381-48ca-9fdf-b5febb26c85e-medium.png","largeIconUri":"/6707714503070596455/Nfe6adaa9-a09b-464b-ac14-c1cb5ab2df67-large.png","wideIconUri":"/6707714503070596455/Nbc8ec797-d0e3-4502-9bc2-c8f04bc51382-wide.png"},"connectionReferences":{"1e08d7e3-e451-45bb-8bad-bf29260386cd":{"id":"96bc9e49-fbc8-4c9c-8ebf-1ab01a260d3b","displayName":"SharePoint","iconUri":"https://connectoricons-prod.azureedge.net/sharepointonline/icon_1.0.1278.1753.png","dataSources":["yMatters"],"dependencies":[],"dependents":[],"parameterHints":{},"isOnPremiseConnection":false,"bypassConsent":false,"dataSets":{"https://dvn.sharepoint.com/sites/Learning":{"dataSources":{"yMatters":{"tableName":"11707b92-441a-4c05-b244-20cdc94032c1"}}}},"apiTier":"Standard","isCustomApiConnection":false},"c9131c6e-8fdf-4e8f-8daa-c1996b55fc41":{"id":"c1b40e01-debf-439f-8e92-061d9cd45018","displayName":"Office 365 Outlook","iconUri":"https://connectoricons-prod.azureedge.net/office365/icon_1.0.1278.1753.png","dataSources":["Office365Outlook"],"dependencies":[],"dependents":["b5946a68-e956-4b32-86ab-9bdcb9e40ec7"],"parameterHints":{},"isOnPremiseConnection":false,"bypassConsent":false,"dataSets":{},"apiTier":"Standard","isCustomApiConnection":false},"b5946a68-e956-4b32-86ab-9bdcb9e40ec7":{"id":"8a09b8e3-344e-4bdf-82f5-e095814aee69","displayName":"Logic flows","iconUri":"https://resourcestackdeploy.blob.core.windows.net/scripts/13276078.png","dataSources":["yMattersNotification"],"dependencies":["c9131c6e-8fdf-4e8f-8daa-c1996b55fc41"],"dependents":[],"parameterHints":{"workflowName":{"value":"8794bc0c-3eb4-4994-8014-63dbbdeaedf8"},"c9131c6e-8fdf-4e8f-8daa-c1996b55fc41":{"value":"shared_office365"}},"isOnPremiseConnection":false,"bypassConsent":false,"dataSets":{},"apiTier":"Standard","isCustomApiConnection":false}},"databaseReferences":{},"almMode":"Environment","performanceOptimizationEnabled":false},"isAppComponentLibrary":false,"appComponents":[]}}